{
  "neighbourhood_freq": {
    "Bedford-Stuyvesant": 0.07857932936345592,
    "Williamsburg": 0.07474582177977787,
    "Harlem": 0.0534115187053957,
    "Bushwick": 0.04747185478127794,
    "Hell's Kitchen": 0.03960786096337712,
    "Upper West Side": 0.0385926633028774,
    "Upper East Side": 0.0361077018652363,
    "Midtown": 0.034031849932572696,
    "East Village": 0.03397124111702047,
    "Crown Heights": 0.032001454611573256,
    "East Harlem": 0.022531327181538555,
    "Greenpoint": 0.0216979559676955,
    "Chelsea": 0.021031258996621057,
    "Lower East Side": 0.01892510265618134,
    "Astoria": 0.018076579238450234,
    "Washington Heights": 0.017925057199569678,
    "Financial District": 0.01463702895586163,
    "West Village": 0.014000636392563298,
    "Flatbush": 0.012121763110444415,
    "East Flatbush": 0.011409609527705806,
    "Prospect-Lefferts Gardens": 0.011167174265496916,
    "Long Island City": 0.010939891207176084,
    "Clinton Hill": 0.01084897798384775,
    "Park Slope": 0.010000454566116642,
    "Fort Greene": 0.009485279633922754,
    "Murray Hill": 0.0093337575950422,
    "Flushing": 0.009273148779489976,
    "Kips Bay": 0.009106474536721367,
    "__OTHER__": 0.008727669439519978,
    "Ridgewood": 0.00862160401230359,
    "Sunset Park": 0.008136733487885814,
    "Chinatown": 0.00807612467233359,
    "Sunnyside": 0.007894298225676924,
    "Gramercy": 0.006970013788505538,
    "Ditmars Steinway": 0.006970013788505538,
    "Greenwich Village": 0.00689425276906526,
    "Morningside Heights": 0.006515447671863872,
    "SoHo": 0.006515447671863872,
    "Prospect Heights": 0.006394230040759429,
    "Jamaica": 0.006227555797990818,
    "East New York": 0.006227555797990818,
    "Woodside": 0.005591163234692486,
    "Theater District": 0.00540933678803582,
    "South Slope": 0.0052275103413791536,
    "Elmhurst": 0.005197205933603043,
    "Inwood": 0.005091140506386654,
    "Nolita": 0.005015379486946376,
    "Carroll Gardens": 0.004757792020849433,
    "Gowanus": 0.004682031001409155,
    "Jackson Heights": 0.004454747943088322,
    "East Elmhurst": 0.004348682515871933,
    "Canarsie": 0.0041365516614391565,
    "Boerum Hill": 0.0037577465642377682,
    "Kensington": 0.00365168113702138,
    "Sheepshead Bay": 0.0035910723214691576,
    "Windsor Terrace": 0.0033486370592602692,
    "Tribeca": 0.0033183326514841585,
    "Cypress Hills": 0.0031819628164916586,
    "Forest Hills": 0.003151658408715548,
    "Little Italy": 0.0029698319620588814,
    "Brooklyn Heights": 0.002954679758170826,
    "Bay Ridge": 0.0027880055154022153,
    "Maspeth": 0.0026819400881858265,
    "Borough Park": 0.002606179068745549,
    "Springfield Gardens": 0.002454657029864994,
    "Midwood": 0.0023940482143127717,
    "Rego Park": 0.002257678379320272,
    "Richmond Hill": 0.0022122217676561057,
    "St. Albans": 0.0021516129521038834,
    "Arverne": 0.002136460748215828,
    "Flatlands": 0.002030395320999439,
    "Downtown Brooklyn": 0.0018637210782308288,
    "Cobble Hill": 0.0018334166704547176,
    "Woodhaven": 0.0018334166704547176,
    "Kingsbridge": 0.0017728078549024955,
    "Rockaway Beach": 0.001727351243238329,
    "Rosedale": 0.001727351243238329,
    "Corona": 0.001666742427686107,
    "Bensonhurst": 0.001636438019909996,
    "Red Hook": 0.0016212858160219404,
    "Roosevelt Island": 0.0016061336121338849,
    "Brighton Beach": 0.0016061336121338849,
    "Wakefield": 0.001575829204357774,
    "Flatiron District": 0.0015455247965816628,
    "Mott Haven": 0.0015152203888055518,
    "Queens Village": 0.0015000681849174963,
    "Fordham": 0.0014243071654772186,
    "Brownsville": 0.0014243071654772186,
    "Two Bridges": 0.001378850553813052,
    "South Ozone Park": 0.0013485461460369412,
    "Bayside": 0.00131824173826083,
    "Glendale": 0.00131824173826083,
    "NoHo": 0.0013030895343727744,
    "Fort Hamilton": 0.001287937330484719,
    "Longwood": 0.0012424807188205524,
    "Ozone Park": 0.0011818719032683303,
    "Port Morris": 0.0011212630877161084,
    "St. George": 0.0011212630877161084,
    "Tompkinsville": 0.0011061108838280528,
    "Gravesend": 0.0010909586799399973,
    "Battery Park City": 0.0010909586799399973,
    "Concourse": 0.0010758064760519417,
    "Briarwood": 0.0010455020682758308,
    "Civic Center": 0.0010303498643877752,
    "Fresh Meadows": 0.0010151976604997196,
    "Parkchester": 0.0009545888449474976,
    "Williamsbridge": 0.0009394366410594421,
    "Allerton": 0.00087882782550722,
    "Concourse Village": 0.000848523417731109,
    "DUMBO": 0.000818219009954998,
    "Kew Gardens": 0.000818219009954998,
    "Pelham Gardens": 0.0008030668060669424,
    "Far Rockaway": 0.000787914602178887,
    "Norwood": 0.0007727623982908314,
    "Vinegar Hill": 0.0007273057866266649,
    "Columbia St": 0.0007121535827386093,
    "Stuyvesant Town": 0.0007121535827386093,
    "Laurelton": 0.0006970013788505538,
    "Middle Village": 0.0006666969710744428,
    "Cambria Heights": 0.0006515447671863872,
    "Concord": 0.0006212403594102762,
    "Hunts Point": 0.0006212403594102762,
    "Randall Manor": 0.0005757837477461097,
    "Clason Point": 0.0005606315438580542,
    "University Heights": 0.0005606315438580542,
    "Stapleton": 0.0005606315438580542,
    "West Brighton": 0.0005454793399699986,
    "Kew Gardens Hills": 0.0005454793399699986,
    "Bronxdale": 0.0005303271360819432,
    "Arrochar": 0.0005303271360819432,
    "Highbridge": 0.0005303271360819432,
    "Throgs Neck": 0.0005303271360819432,
    "Claremont Village": 0.0005303271360819432,
    "Hollis": 0.0005303271360819432,
    "Howard Beach": 0.0005151749321938876,
    "College Point": 0.0004545661166416655,
    "Belmont": 0.0004545661166416655,
    "Mount Hope": 0.0004545661166416655,
    "Morrisania": 0.0004545661166416655,
    "Jamaica Estates": 0.00043941391275361,
    "City Island": 0.00043941391275361,
    "Coney Island": 0.00043941391275361,
    "Morris Heights": 0.000409109504977499,
    "Schuylerville": 0.000409109504977499,
    "Navy Yard": 0.0003939573010894435,
    "Pelham Bay": 0.00036365289331333244,
    "Edenwald": 0.00036365289331333244,
    "Morris Park": 0.0003485006894252769,
    "Soundview": 0.0003333484855372214,
    "Clifton": 0.0003333484855372214,
    "Bayswater": 0.0003333484855372214,
    "Marble Hill": 0.0003181962816491659,
    "Bath Beach": 0.0003181962816491659,
    "Woodlawn": 0.0003181962816491659,
    "Bergen Beach": 0.0003181962816491659,
    "Port Richmond": 0.00030304407776111036,
    "Eastchester": 0.00030304407776111036,
    "Tremont": 0.00030304407776111036,
    "Belle Harbor": 0.00030304407776111036,
    "Edgemere": 0.00030304407776111036
  }
}