{
  "rmse": 12.065794591934646,
  "mae": 1.7031127733172793,
  "medae": 1.112548828125,
  "mape_percent": 0.5793207390042847,
  "r2": 0.9968531475120554,
  "p90_ae": 2.294390869140625,
  "n_test": 13200
}